img_id,label
ftmr3.png,0.0
xaf4s.png,0.0
c3dqa.png,0.0
amtn5.png,1.0
f9vyo.png,0.0
wim2h.png,1.0
n1qjc.png,1.0
0o6wy.png,1.0
6x4a7.png,1.0
4xqhp.png,1.0
rlsjn.png,0.0
fws0p.png,0.0
7vcdf.png,0.0
fl0vr.png,1.0
rvn6m.png,0.0
rhpqi.png,1.0
jhm8o.png,1.0
l80qx.png,0.0
vyo48.png,0.0
un6vh.png,0.0
woxmj.png,1.0
1hk5f.png,1.0
ta1j7.png,1.0
ub0oh.png,0.0
y2b4l.png,1.0
smzbk.png,1.0
htxr9.png,1.0
4yit9.png,1.0
3q5sv.png,1.0
b3w2c.png,1.0
ykew2.png,1.0
yakfj.png,1.0
7itu2.png,1.0
ied8r.png,1.0
5jst1.png,1.0
3myhu.png,1.0
p7tog.png,0.0
fx0b9.png,1.0
zuy3w.png,0.0
c1h3b.png,0.0
f7wrx.png,0.0
l1e2p.png,1.0
4rh7u.png,1.0
k5cuf.png,0.0
43xs6.png,1.0
j5p6v.png,0.0
804hq.png,1.0
8p7vl.png,0.0
rnxvt.png,1.0
t9g31.png,1.0
wz7j6.png,0.0
wsvmn.png,1.0
7mboy.png,1.0
0vs2a.png,1.0
a1fgz.png,1.0
lg53e.png,1.0
86cd0.png,1.0
3gvfc.png,1.0
ea8p7.png,1.0
0l6xv.png,0.0
eqnws.png,1.0
4x1ib.png,0.0
tzf9v.png,1.0
od972.png,1.0
x7g2c.png,0.0
niugr.png,0.0
9u6fs.png,0.0
ksf9g.png,1.0
s9k3n.png,0.0
iyd61.png,0.0
mcbh7.png,1.0
9r1i7.png,0.0
19ckm.png,1.0
bjgn2.png,1.0
vdstk.png,0.0
lghak.png,1.0
crz5m.png,1.0
xnw48.png,1.0
q96y4.png,0.0
lzpbu.png,1.0
jykfq.png,1.0
esd0i.png,1.0
tfr6l.png,1.0
apb05.png,1.0
bo1jk.png,1.0
sd7ni.png,0.0
8ir2z.png,1.0
j6ovg.png,1.0
x6vq2.png,0.0
rhlxn.png,0.0
ka40c.png,1.0
5jzb3.png,1.0
faecz.png,0.0
lzwnq.png,1.0
zao81.png,0.0
c8fyi.png,1.0
pab10.png,1.0
ozxtb.png,1.0
pmqdg.png,0.0
wk60v.png,1.0
u290k.png,0.0
4y68j.png,0.0
5q1dc.png,0.0
zr2fy.png,1.0
1kzaj.png,1.0
8j45q.png,0.0
e3pxt.png,0.0
znepb.png,1.0
f84nd.png,1.0
exj4h.png,1.0
iv4m1.png,0.0
2ilqg.png,1.0
5o07r.png,1.0
a38f0.png,1.0
p9b4l.png,0.0
l1e3p.png,1.0
n0a2c.png,0.0
61n87.png,0.0
ajchk.png,0.0
702bg.png,1.0
l8vt7.png,0.0
ofxd0.png,1.0
lpd2q.png,0.0
qadot.png,0.0
5ufq8.png,1.0
izwaq.png,0.0
ijbzl.png,0.0
yqo9j.png,1.0
1gtvn.png,0.0
pbken.png,1.0
knrh7.png,0.0
zikdp.png,0.0
vqnbc.png,0.0
d6a43.png,1.0
aplh0.png,1.0
ajv4r.png,1.0
ekdnh.png,1.0
brvsx.png,1.0
1v6dt.png,0.0
76bwk.png,0.0
lyzc7.png,1.0
0yifs.png,0.0
qo1s5.png,0.0
vh57t.png,1.0
8k4qf.png,0.0
mhbgs.png,0.0
9kaxh.png,1.0
lz5vu.png,0.0
3ngv6.png,0.0
vykfj.png,0.0
81uqg.png,1.0
te2wa.png,1.0
4t6z2.png,1.0
swezq.png,0.0
e8y25.png,1.0
dtz1x.png,1.0
g8ky7.png,1.0
a8i2f.png,1.0
v2ky3.png,1.0
y7x5a.png,1.0
aufqi.png,0.0
b3o5u.png,1.0
bwjza.png,0.0
qu9ch.png,1.0
67dmy.png,1.0
zv2f0.png,0.0
eaqfc.png,0.0
e50x3.png,1.0
l2kpr.png,1.0
7k45c.png,0.0
gusrn.png,0.0
wk0zh.png,0.0
vmyrz.png,1.0
udf54.png,0.0
dpivj.png,1.0
pc1u0.png,1.0
tvihd.png,0.0
r8xgz.png,1.0
jshv6.png,1.0
huoam.png,0.0
xuwl5.png,0.0
18bfv.png,1.0
xdlat.png,1.0
ezwbt.png,1.0
onh6c.png,0.0
0bl8g.png,1.0
6xni4.png,0.0
04ewu.png,0.0
pm4z0.png,1.0
e7gnl.png,0.0
f2s9z.png,0.0
2hgvp.png,0.0
6tqge.png,1.0
jbu7p.png,1.0
1p76x.png,0.0
ej9ds.png,0.0
cu5za.png,1.0
j6yc5.png,1.0
z3rwu.png,0.0
3yn4q.png,1.0
5tbm2.png,1.0
mj67k.png,1.0
7p3h9.png,0.0
th26k.png,1.0
1l7hz.png,1.0
o6i51.png,1.0
dmzg5.png,1.0
y0un9.png,1.0
17ciq.png,0.0
b4lfc.png,0.0
cnw4y.png,1.0
wrbhs.png,0.0
w7b4q.png,1.0
x70re.png,1.0
o6p75.png,1.0
biau7.png,1.0
pz943.png,1.0
8rfqj.png,0.0
psm9k.png,1.0
6edqs.png,0.0
8xynq.png,0.0
s5hr6.png,1.0
8f5vx.png,1.0
asjxf.png,1.0
rdiu3.png,1.0
38yrj.png,0.0
xu1hy.png,0.0
ghq0s.png,0.0
7g5wd.png,0.0
5zvxb.png,1.0
5j7lw.png,0.0
w7yex.png,1.0
572t4.png,1.0
5s3gi.png,1.0
3k1ib.png,0.0
04rn9.png,1.0
pd1l0.png,1.0
ukny2.png,1.0
k5ur0.png,0.0
xmkep.png,1.0
6ygi1.png,1.0
d0vl9.png,0.0
7qhix.png,0.0
dtaj8.png,1.0
kwcxu.png,1.0
6f501.png,1.0
cpx2m.png,0.0
ukgnc.png,1.0
dbijv.png,1.0
8lzdc.png,1.0
f30gq.png,1.0
xyatk.png,0.0
e51a7.png,0.0
75ao1.png,0.0
6hj9b.png,0.0
niado.png,1.0
lkip7.png,0.0
1owam.png,1.0
8c30x.png,0.0
qxjua.png,1.0
2wdzm.png,0.0
2olik.png,0.0
0718b.png,1.0
8ky53.png,1.0
ml0uw.png,1.0
qduoy.png,0.0
h6lri.png,0.0
mz4bt.png,0.0
re3li.png,0.0
jofu6.png,0.0
dw1en.png,1.0
ycme8.png,0.0
nyud9.png,1.0
ngxfw.png,0.0
lh9ej.png,1.0
r2luj.png,1.0
md5fw.png,0.0
wt0m7.png,0.0
td29w.png,1.0
4rc9e.png,1.0
ghujm.png,0.0
mwto7.png,1.0
edokp.png,1.0
7912k.png,1.0
8a01e.png,0.0
yf9vk.png,1.0
2kp6l.png,0.0
82197.png,1.0
fl5or.png,1.0
fegyp.png,0.0
d8r94.png,0.0
8nma7.png,1.0
0ciam.png,1.0
wiq84.png,1.0
mioxy.png,0.0
c3tsi.png,0.0
rl098.png,0.0
qb9z4.png,1.0
gydm9.png,0.0
mh0oq.png,1.0
9e2a6.png,1.0
1brcd.png,0.0
zfb29.png,1.0
lxrao.png,1.0
re6wi.png,0.0
5e9hl.png,0.0
7lgpr.png,0.0
m57t3.png,0.0
4fid9.png,1.0
pq879.png,1.0
1wf0d.png,0.0
u8rz9.png,1.0
u0hn6.png,1.0
qp5wu.png,0.0
a9gni.png,0.0
wod45.png,1.0
fklmw.png,0.0
jonli.png,0.0
vjnu4.png,0.0
j1ysn.png,1.0
ar5p1.png,0.0
9uznt.png,0.0
1twvq.png,0.0
adyj9.png,1.0
lfy7p.png,1.0
4jqw8.png,1.0
xbuq7.png,0.0
vlsdj.png,0.0
vphxg.png,1.0
j9pbk.png,0.0
suvi4.png,1.0
gjuq4.png,0.0
rul47.png,1.0
17bur.png,0.0
e6kuo.png,0.0
rk6jf.png,0.0
domeu.png,1.0
av4f0.png,0.0
310u7.png,0.0
he0z6.png,1.0
m9s63.png,1.0
b7vrc.png,0.0
079nt.png,1.0
koigj.png,0.0
tudry.png,1.0
ig6nv.png,0.0
90nf8.png,0.0
x0dz2.png,0.0
x9275.png,1.0
7oqrf.png,0.0
239d5.png,0.0
7fsnv.png,0.0
jrd42.png,0.0
rsthv.png,0.0
yohgt.png,1.0
sh0l3.png,0.0
h8w0n.png,1.0
hfzcm.png,1.0
u4mxw.png,1.0
r7b0o.png,1.0
hduy0.png,1.0
7prz0.png,1.0
3samg.png,0.0
z82he.png,0.0
0ye9z.png,1.0
8wutc.png,0.0
te0uc.png,1.0
2vr1f.png,0.0
x0hqv.png,0.0
a5mz6.png,1.0
yv73r.png,0.0
gr9dz.png,0.0
oj05x.png,0.0
fj302.png,0.0
c724l.png,1.0
bw0v1.png,1.0
6hi1m.png,0.0
yra04.png,1.0
qhjnc.png,0.0
ahp91.png,1.0
6xqvk.png,1.0
18jqy.png,1.0
2h9qv.png,0.0
uqpws.png,0.0
do7lf.png,0.0
z3o71.png,1.0
kymaj.png,1.0
v8bld.png,1.0
w7bgc.png,1.0
pz1hw.png,0.0
q2hmb.png,1.0
fhrq9.png,0.0
5urtj.png,1.0
rhsvl.png,1.0
5ogpm.png,1.0
netlx.png,0.0
mur2i.png,0.0
7s16l.png,0.0
qtr5v.png,1.0
87hft.png,0.0
z04mh.png,0.0
ekwxt.png,0.0
ej95m.png,0.0
tuq7f.png,0.0
sg9wt.png,0.0
knt3j.png,1.0
086p1.png,0.0
mnqi8.png,1.0
4xrpz.png,1.0
x39q8.png,1.0
wxjif.png,1.0
lrscv.png,1.0
dqpwn.png,1.0
v8edc.png,0.0
95p21.png,1.0
ibwyu.png,1.0
27ibo.png,1.0
7ejox.png,1.0
wvuq0.png,1.0
l520b.png,0.0
y3pks.png,0.0
b21i9.png,1.0
aokzs.png,1.0
m3zt1.png,1.0
o7cu0.png,1.0
gvyf5.png,0.0
vjz2n.png,0.0
o26wl.png,0.0
hfzvp.png,0.0
bsnvc.png,1.0
8mjig.png,1.0
smxhf.png,1.0
s5yjo.png,0.0
fcst0.png,1.0
qigbu.png,0.0
idv38.png,1.0
xsim7.png,0.0
ngdma.png,0.0
e6w5c.png,1.0
7ap06.png,0.0
2bt0g.png,1.0
5q4o2.png,1.0
3gbsv.png,1.0
lv1xq.png,1.0
4mijl.png,1.0
x06bt.png,0.0
ca2me.png,1.0
rfs4v.png,1.0
h4mva.png,0.0
pdh03.png,1.0
cs1yw.png,0.0
iv0aw.png,1.0
54x3m.png,1.0
pdbmn.png,1.0
zrwnb.png,1.0
2mnje.png,0.0
z8vur.png,1.0
o3lts.png,0.0
mtesb.png,0.0
n68o1.png,0.0
87qax.png,0.0
dku3l.png,1.0
z39uh.png,1.0
m2l8w.png,0.0
mcryq.png,0.0
63sgx.png,0.0
8fc95.png,0.0
rjysz.png,0.0
r32f7.png,1.0
ag69e.png,0.0
8oe7d.png,1.0
d9ifs.png,1.0
5m2cp.png,0.0
nc27r.png,0.0
n3v45.png,0.0
tjc1w.png,0.0
chk7n.png,0.0
xlui7.png,0.0
av3d2.png,0.0
cfmg8.png,0.0
u3lje.png,0.0
bfa4c.png,0.0
e9jkg.png,1.0
fsu86.png,0.0
4x18y.png,1.0
1m57o.png,1.0
op51e.png,1.0
dfb7t.png,1.0
db1j8.png,0.0
8alcs.png,1.0
mbgz9.png,1.0
76ncf.png,1.0
amke3.png,1.0
u1esr.png,0.0
cso16.png,1.0
rv2yu.png,1.0
03ujw.png,0.0
gucz5.png,1.0
nju1d.png,0.0
3nfqt.png,0.0
k60sy.png,0.0
l4esv.png,0.0
xy0td.png,1.0
i1c6s.png,1.0
u4id6.png,1.0
kv28a.png,1.0
7snmw.png,1.0
zor2q.png,0.0
wt80b.png,1.0
e1cmz.png,1.0
8p1vf.png,0.0
47bcr.png,0.0
sk9pb.png,1.0
7ltr1.png,1.0
tur8d.png,1.0
1mjvy.png,1.0
71ble.png,1.0
96wxg.png,1.0
9bs67.png,1.0
y7o68.png,1.0
ajhnm.png,0.0
632k5.png,0.0
tk0di.png,1.0
4dca9.png,0.0
8ptn7.png,1.0
ebdc4.png,0.0
fp3li.png,1.0
nqa5c.png,0.0
k9ux5.png,0.0
kpbdt.png,1.0
s3qjy.png,0.0
f6wtr.png,1.0
t3ves.png,1.0
qjm25.png,1.0
l86fe.png,0.0
4wk2f.png,0.0
1dgso.png,1.0
ky5nc.png,1.0
is0jl.png,1.0
gny3b.png,1.0
dzfrx.png,1.0
5vy37.png,1.0
x5a86.png,1.0
u2x87.png,0.0
6yz3t.png,0.0
hdi4c.png,1.0
hz93c.png,1.0
3ijys.png,0.0
vel4z.png,0.0
sf6d8.png,1.0
bgn5v.png,1.0
o29fg.png,1.0
q381i.png,0.0
yfnmz.png,0.0
h2l8a.png,1.0
iqx3z.png,0.0
vu5ni.png,0.0
bcjzw.png,1.0
28crp.png,1.0
5nkrl.png,1.0
jp0tz.png,1.0
frqti.png,0.0
0vd48.png,1.0
nejz9.png,0.0
3ezjl.png,1.0
5pdo6.png,1.0
g2091.png,0.0
2jyra.png,1.0
z4f92.png,0.0
4jkbl.png,1.0
391mg.png,1.0
getyj.png,0.0
qn9j3.png,1.0
12zf6.png,0.0
d1vei.png,1.0
95scv.png,1.0
dzc4k.png,0.0
3tbcu.png,0.0
7zqk5.png,1.0
d9iu7.png,0.0
29ql7.png,0.0
63qma.png,1.0
o9cpq.png,1.0
8cks7.png,1.0
arw5d.png,0.0
1l7op.png,1.0
pw7so.png,0.0
05jho.png,0.0
nywrs.png,1.0
x1wv0.png,1.0
oxwh3.png,1.0
cdkp7.png,1.0
ntsez.png,1.0
04qym.png,0.0
4zbq5.png,0.0
p59ar.png,1.0
mpcgl.png,0.0
ji75z.png,0.0
ieah8.png,1.0
9voz8.png,0.0
nqgb2.png,0.0
fen98.png,1.0
4r5ch.png,0.0
c891q.png,1.0
5w7ht.png,1.0
xht0c.png,0.0
wagqh.png,0.0
aorgi.png,1.0
2r31n.png,0.0
jkdsm.png,1.0
0uqp8.png,0.0
m45bz.png,0.0
o5bmy.png,1.0
qgwz5.png,0.0
biuj1.png,0.0
h42yj.png,0.0
dzy4k.png,1.0
839vm.png,0.0
90nk1.png,1.0
ltmpa.png,0.0
b7vjw.png,1.0
n5pv3.png,0.0
8dzwi.png,1.0
x895f.png,0.0
3mnol.png,1.0
fw5nl.png,0.0
ksb1h.png,1.0
cjdqy.png,1.0
5ojn8.png,1.0
swet6.png,0.0
6pyca.png,0.0
qgr3t.png,0.0
19kaf.png,0.0
59qdv.png,0.0
pngm6.png,1.0
po42h.png,0.0
5tvsx.png,1.0
5o3ec.png,1.0
rfsxl.png,1.0
gb7wv.png,0.0
7nko2.png,1.0
naz8t.png,0.0
ie6mq.png,1.0
4i0xr.png,1.0
sr2oe.png,0.0
kfqbp.png,1.0
fkl9r.png,1.0
oyt2w.png,0.0
wkgfp.png,0.0
s5ibn.png,1.0
3cskp.png,1.0
5npju.png,0.0
pa5gy.png,1.0
leu6t.png,1.0
gts15.png,1.0
et5wi.png,0.0
vmcde.png,1.0
zv9mb.png,1.0
q2hdi.png,0.0
43zwe.png,1.0
sbcif.png,0.0
vwxly.png,0.0
896yr.png,1.0
hz1k5.png,0.0
23ax4.png,1.0
besty.png,1.0
nu3rp.png,0.0
tgvxz.png,1.0
wyzah.png,1.0
8q405.png,0.0
9apsd.png,1.0
exmw0.png,1.0
baxv0.png,0.0
zjr7a.png,1.0
zlq2c.png,1.0
71nbj.png,0.0
anvt1.png,0.0
fzl8n.png,1.0
v3pil.png,0.0
i1qp3.png,1.0
r4g7s.png,1.0
qhc7y.png,0.0
95rxz.png,1.0
82tyx.png,0.0
hfbr6.png,0.0
xq7ym.png,0.0
b3g28.png,1.0
wnpeh.png,0.0
64kqs.png,1.0
lyw8u.png,0.0
snq5b.png,1.0
rh0ov.png,1.0
lukzm.png,0.0
b7fua.png,0.0
em267.png,0.0
w83b4.png,0.0
7gmlh.png,1.0
r43pc.png,0.0
fz6px.png,0.0
5297m.png,1.0
lrfs6.png,0.0
z0rwu.png,1.0
8t3vp.png,0.0
lyqmt.png,0.0
zfjth.png,0.0
atex1.png,1.0
5pfm0.png,1.0
zx7tk.png,1.0
vkuh2.png,1.0
b1uqm.png,0.0
k0cwh.png,1.0
pht5f.png,1.0
4mwpt.png,0.0
u8gbh.png,1.0
4xtfh.png,1.0
4dl50.png,0.0
h92b0.png,1.0
f924b.png,0.0
kpdvw.png,0.0
0lo9m.png,0.0
9fuar.png,0.0
